{"cameraMode":{"drawMode":0,"name":"Shaded","section":"Shading Mode"},"sceneLighting":true,"audioPlay":false,"sceneViewState":{"m_AlwaysRefresh":false,"showFog":true,"showSkybox":true,"showFlares":true,"showImageEffects":true,"showParticleSystems":true,"showVisualEffectGraphs":true,"m_FxEnabled":true},"in2DMode":false,"pivot":{"x":13.437467575073243,"y":5.656088829040527,"z":105.31356811523438},"rotation":{"x":0.041771598160266879,"y":-0.8878574967384338,"z":0.08227173238992691,"w":0.4507759213447571},"size":1.2847487926483155,"orthographic":false}