{"cameraMode":{"drawMode":0,"name":"Shaded","section":"Shading Mode"},"sceneLighting":true,"audioPlay":false,"sceneViewState":{"m_AlwaysRefresh":false,"showFog":true,"showSkybox":true,"showFlares":true,"showImageEffects":true,"showParticleSystems":true,"showVisualEffectGraphs":true,"m_FxEnabled":false},"in2DMode":false,"pivot":{"x":3.9503092765808107,"y":-43.4273567199707,"z":167.50950622558595},"rotation":{"x":0.26425987482070925,"y":-0.034721165895462039,"z":0.009487351402640343,"w":0.963834285736084},"size":48.590091705322269,"orthographic":false}